time,grid_size,block_size,threads_used,solutions,max_depth
0.00800014,9,3,1,1,3
20.814,16,4,1,80,3
0.00899982,9,3,2,1,3
26.321,16,4,2,80,3
0.0120001,9,3,4,1,3
19.964,16,4,4,80,3
0.0120001,9,3,6,1,3
22.884,16,4,6,80,3
0.00900006,9,3,8,1,3
21.293,16,4,8,80,3
0.0139999,9,3,10,1,3
19.067,16,4,10,80,3
0.0119998,9,3,12,1,3
16.445,16,4,12,80,3
0.0150001,9,3,1,1,3
21.448,16,4,1,80,3
0.00699997,9,3,2,1,3
32.801,16,4,2,80,3
0.0079999,9,3,4,1,3
