time,grid_size,block_size,threads_used,solutions
0.00800014,9,3,1,1
0.00600004,9,3,2,1
0.00699997,9,3,4,1
0.00699997,9,3,6,1
0.00900006,9,3,8,1
